"Time (s)","Linear Acceleration x (m/s^2)","Linear Acceleration y (m/s^2)","Linear Acceleration z (m/s^2)","Absolute acceleration (m/s^2)"
1.471923750E-1,7.472642660E-1,3.215570450E-1,6.551179886E-1,1.044501027E0
1.636370680E-1,7.624034286E-1,3.339080811E-1,1.276499748E0,1.523878342E0
1.800625240E-1,7.576187849E-1,1.846547127E-1,1.926769257E0,2.078586865E0
1.965029430E-1,8.369198442E-1,-5.438899994E-2,2.195938110E0,2.350646118E0
2.129391620E-1,9.156283140E-1,-2.611060143E-1,1.954895020E0,2.174434662E0
2.293731120E-1,1.010730982E0,-3.978605270E-1,1.628778458E0,1.957751103E0
2.458075100E-1,1.157943606E0,-5.037412643E-1,1.063149452E0,1.650719666E0
2.622413290E-1,1.236892700E0,-5.471847057E-1,6.487817764E-1,1.500077480E0
2.786721760E-1,1.287600160E0,-5.340914726E-1,3.749113083E-1,1.443511815E0
2.951098600E-1,1.394678354E0,-4.773466587E-1,1.117334366E-1,1.478334166E0
3.115438910E-1,1.376009822E0,-3.135151863E-1,-2.522201538E-1,1.433635173E0
3.279747590E-1,1.216434956E0,-5.498886108E-2,-6.804399490E-1,1.394896520E0
3.444122290E-1,1.049029708E0,2.309803963E-1,-9.970297813E-1,1.465565985E0
3.608457110E-1,8.994002342E-1,4.821891785E-1,-1.046180725E0,1.461479146E0
3.772837000E-1,7.988885045E-1,6.223359108E-1,-9.354996681E-1,1.378653132E0
3.937106310E-1,7.521237731E-1,6.450972557E-1,-6.418237686E-1,1.180583919E0
4.101423840E-1,7.200747728E-1,6.215186119E-1,-3.950490952E-1,1.029979054E0
4.265741780E-1,7.481544018E-1,5.913062096E-1,-3.288774490E-1,1.008731093E0
4.430165200E-1,7.814338803E-1,6.036682129E-1,-3.436965942E-1,1.045553236E0
4.594459440E-1,7.279885411E-1,6.583414078E-1,-4.315376282E-1,1.072196554E0
4.758834950E-1,5.287955999E-1,7.561893463E-1,-4.860849380E-1,1.042940881E0
4.923193280E-1,2.934815288E-1,8.395781517E-1,-4.958448410E-1,1.018275497E0
5.087527480E-1,1.776524186E-1,7.891449928E-1,-5.232629776E-1,9.633869136E-1
5.251866680E-1,1.743127704E-1,6.006994247E-1,-5.401086807E-1,8.264031267E-1
5.416176780E-1,2.695173025E-1,3.332037926E-1,-3.679933548E-1,5.648747232E-1
5.580550870E-1,3.847564757E-1,1.220364571E-1,-1.612396240E-1,4.346592445E-1
5.744890470E-1,4.982533157E-1,8.606290817E-2,-8.832931519E-2,5.132886699E-1
5.909228350E-1,5.431039929E-1,2.850761414E-1,-1.722326279E-1,6.370984474E-1
6.073574460E-1,4.509441853E-1,5.686426163E-1,-4.059429169E-1,8.315616243E-1
6.237889040E-1,3.560991585E-1,7.946393490E-1,-6.016521454E-1,1.058415613E0
6.402256920E-1,4.478830099E-1,8.272991180E-1,-5.387153625E-1,1.084083605E0
6.566593380E-1,7.178610563E-1,6.628613472E-1,-4.253940582E-1,1.065678078E0
6.730966550E-1,8.614470959E-1,6.304869652E-1,-3.968172073E-1,1.138889287E0
6.895261400E-1,7.659127116E-1,7.636156082E-1,-5.710248947E-1,1.223029235E0
7.059635480E-1,6.746070385E-1,9.530944824E-1,-9.833374023E-1,1.526576626E0
7.223945790E-1,6.551560163E-1,1.095776320E0,-1.327105522E0,1.841511394E0
7.388202690E-1,6.536834240E-1,1.236386299E0,-1.494543076E0,2.046854197E0
7.552637710E-1,5.770100355E-1,1.427857637E0,-1.414208412E0,2.090861891E0
7.716892070E-1,4.339074194E-1,1.667711258E0,-1.054573059E0,2.020312061E0
7.881317840E-1,3.774275780E-1,1.843713045E0,-4.301490784E-1,1.930481183E0
8.045660790E-1,4.628225267E-1,1.833187580E0,1.896438599E-1,1.900196355E0
8.209945570E-1,6.087542772E-1,1.611874104E0,7.877073288E-1,1.894519129E0
8.374347740E-1,8.491713405E-1,1.310545444E0,1.313323021E0,2.040450608E0
8.538672990E-1,9.942051172E-1,1.068217754E0,1.669566154E0,2.217427367E0
8.702974150E-1,8.995716572E-1,9.978976250E-1,1.728201866E0,2.188997608E0
8.867394520E-1,6.587259769E-1,1.045438766E0,1.605316162E0,2.025809001E0
9.031710730E-1,4.005949497E-1,1.083407879E0,1.419861794E0,1.830370580E0
9.196011680E-1,2.560108900E-1,9.181733131E-1,9.923152924E-1,1.375962735E0
9.360387390E-1,1.656519771E-1,5.444369316E-1,5.082607269E-1,7.630079400E-1
9.524730760E-1,7.077556849E-2,2.563176155E-1,1.608695984E-1,3.107843767E-1
9.689072090E-1,-7.126224041E-2,1.818103790E-1,-6.095218658E-2,2.045690345E-1
9.853401820E-1,-2.123608589E-1,1.325030327E-1,-3.493947983E-1,4.298033424E-1
1.001775039E0,-2.021043301E-1,-3.618907928E-2,-1.676454544E-1,2.650675538E-1
1.018210260E0,-1.000110507E-1,-3.200576305E-1,7.890796661E-1,8.573714578E-1
1.034643335E0,1.161119938E-1,-7.144539356E-1,1.919283867E0,2.051237915E0
1.116801306E0,-5.834280252E-1,-1.218870640E0,-1.647442341E0,2.130751080E0
1.133249183E0,-5.964055657E-1,-6.738917828E-1,-1.736074924E0,1.955450300E0
1.149681862E0,-3.512633443E-1,-4.743056297E-1,-1.150256157E0,1.292842215E0
1.166115913E0,-1.429497600E-1,-5.090184212E-1,-3.356580734E-1,6.262593147E-1
1.182549651E0,-6.679892540E-2,-6.813113689E-1,3.685398102E-1,7.774759608E-1
1.198984190E0,-4.966026545E-2,-8.932456970E-1,5.727396011E-1,1.062254521E0
1.215418110E0,-3.718948364E-2,-1.009445906E0,3.300695419E-1,1.062689981E0
1.231852712E0,-5.986475945E-2,-8.777577877E-1,-2.520341873E-1,9.151850932E-1
1.248286020E0,-2.626889944E-2,-5.741600990E-1,-8.832788467E-1,1.053817534E0
1.264720174E0,8.273297548E-2,-2.513172626E-1,-1.354464054E0,1.380064486E0
1.281154521E0,2.320368886E-1,1.623916626E-2,-1.674084187E0,1.690166469E0
1.297588909E0,3.062477708E-1,2.780661583E-1,-1.905348778E0,1.949733944E0
1.314018484E0,2.649578452E-1,4.867687225E-1,-2.020260811E0,2.094898612E0
1.330460909E0,1.260361075E-1,6.408958435E-1,-1.998424530E0,2.102458843E0
1.346890872E0,-9.778237343E-2,7.838211060E-1,-1.925199032E0,2.080944072E0
1.363325076E0,-3.838118911E-1,9.167532921E-1,-1.832362652E0,2.084538571E0
1.379758507E0,-5.934246182E-1,9.766988754E-1,-1.695252419E0,2.044498529E0
1.396182488E0,-6.348562241E-1,8.496680260E-1,-1.225621700E0,1.620841365E0
1.412626977E0,-6.444218159E-1,6.794795990E-1,-7.394752502E-1,1.193229084E0
1.429068252E0,-7.513349056E-1,6.357688904E-1,-3.914089203E-1,1.059201192E0
1.445494766E0,-1.039629459E0,8.851900101E-1,-2.714319229E-1,1.392144409E0
1.461912644E0,-1.392614365E0,1.146534920E0,-1.471424103E-1,1.809853027E0
1.478363266E0,-1.508634925E0,1.159954548E0,4.140625000E-1,1.947542463E0
1.494786708E0,-1.247990012E0,7.462887764E-1,1.433805466E0,2.042112661E0
1.511232174E0,-9.814462066E-1,4.310879707E-1,2.308477402E0,2.545219324E0
1.527655260E0,-7.084829211E-1,3.544740677E-1,3.023814201E0,3.125868238E0
1.544099911E0,-2.953203917E-1,4.714093208E-1,3.333003044E0,3.379104937E0
1.560530718E0,1.152950525E-1,6.815056801E-1,3.359433174E0,3.429800897E0
1.576967913E0,3.665845394E-1,7.832007408E-1,3.139145851E0,3.256074984E0
1.593401081E0,3.253384829E-1,6.838173866E-1,2.832198143E0,2.931688535E0
1.609836669E0,1.021223664E-1,4.075746536E-1,2.607889175E0,2.641520779E0
1.626269561E0,4.980385303E-2,1.213359833E-2,2.309885025E0,2.310453738E0
1.642704834E0,1.901503801E-1,-5.533707142E-1,1.638014793E0,1.739387472E0
1.659135681E0,5.283702612E-1,-1.110430241E0,5.928878784E-1,1.365191008E0
1.675575052E0,1.009481788E0,-1.563373327E0,-4.762477875E-1,1.920937686E0
1.692003378E0,1.338725328E0,-1.722656965E0,-1.199691772E0,2.489777676E0
1.708440553E0,1.406280518E0,-1.560060501E0,-1.401685715E0,2.525101286E0
1.724874625E0,1.357897878E0,-1.245992661E0,-1.208343029E0,2.203741644E0
1.741298138E0,1.114976168E0,-9.538526535E-1,-6.180534363E-1,1.592167324E0
1.757738843E0,8.685981035E-1,-8.177440166E-1,1.728878021E-1,1.205428610E0
1.774182070E0,6.574186087E-1,-1.037001848E0,7.243328094E-1,1.425563074E0
1.790610853E0,4.732335806E-1,-1.478244781E0,6.034746170E-1,1.665334582E0
1.807044783E0,3.592022061E-1,-1.758448839E0,-1.013174057E-1,1.797618914E0
1.823476760E0,3.294205070E-1,-1.606367111E0,-1.240601063E0,2.056215982E0
1.839915562E0,3.115231991E-1,-1.216830492E0,-2.389057159E0,2.699132687E0
1.856346979E0,2.921850681E-1,-6.689410210E-1,-3.048598289E0,3.134773634E0
1.872781195E0,2.097949982E-1,-2.371006012E-1,-3.241930962E0,3.257352759E0
1.889215836E0,1.807035804E-1,-8.052444458E-2,-3.123532772E0,3.129791518E0
1.905649074E0,3.230996132E-1,-7.477712631E-2,-2.628357410E0,2.649197549E0
1.922065426E0,5.372503400E-1,-7.232332230E-2,-2.168795109E0,2.235518019E0
1.938517402E0,6.288382411E-1,1.999993324E-1,-1.896968842E0,2.008464103E0
1.954951769E0,7.326577902E-1,6.934146881E-1,-1.676191330E0,1.956330428E0
1.971382821E0,6.679477692E-1,1.189123154E0,-1.312116146E0,1.892568857E0
1.987820218E0,5.335853696E-1,1.436274529E0,-1.039314747E0,1.851424590E0
2.004255369E0,4.005658031E-1,1.398869991E0,-7.843103409E-1,1.653007237E0
2.020689258E0,2.946026325E-1,1.149401188E0,-5.501451492E-1,1.307888943E0
2.037120117E0,2.732838988E-1,7.532753944E-1,-1.842136383E-1,8.222180816E-1
2.053546905E0,2.720704079E-1,3.306226730E-1,2.316312790E-1,4.868128061E-1
2.069990103E0,2.370932102E-1,1.014304161E-1,8.204660416E-1,8.600382811E-1
2.086420695E0,7.866698503E-2,1.835150719E-1,1.429240227E0,1.443119504E0
2.102858115E0,-5.380564928E-2,3.447237015E-1,2.403283119E0,2.428476730E0
2.119292298E0,-9.861201048E-2,5.605773926E-1,3.364270210E0,3.412079335E0
2.135725465E0,-3.138929605E-1,7.463889122E-1,3.300343513E0,3.398219020E0
2.152161440E0,-6.066282392E-1,8.332114220E-1,2.839620590E0,3.020874739E0
2.168594556E0,-6.921273470E-1,8.823623657E-1,2.718569756E0,2.940786481E0
2.185028841E0,-5.749175549E-1,7.860832214E-1,3.049839020E0,3.201558226E0
2.201459537E0,-3.673543930E-1,3.091068268E-1,3.277318954E0,3.312297663E0
2.217896905E0,-1.251593828E-1,-4.194116592E-1,3.301608086E0,3.330493501E0
2.234330895E0,-5.365103483E-3,-1.191626787E0,2.845374107E0,3.084826899E0
2.250762140E0,-1.620606780E-1,-1.446147203E0,1.918095589E0,2.407632880E0
2.267200872E0,-5.033445954E-1,-1.283960581E0,6.769256592E-1,1.536274358E0
2.283634111E0,-7.684600949E-1,-9.927942753E-1,-3.877811432E-1,1.313980824E0
2.300067094E0,-8.791585565E-1,-9.048538208E-1,-7.001481056E-1,1.442874760E0
2.316499406E0,-6.372016668E-1,-1.157979488E0,-2.774143219E-1,1.350518851E0
2.332937385E0,-2.994570732E-1,-1.532785892E0,4.049272537E-1,1.613404231E0
2.349367347E0,1.121244133E-1,-1.852180481E0,7.359390259E-1,1.996184027E0
2.365806109E0,3.351767063E-1,-1.979257584E0,6.928329468E-1,2.123634031E0
2.382237394E0,2.431100309E-1,-1.757333994E0,-1.991176605E-2,1.774181989E0
2.398663776E0,-2.212018073E-1,-1.255655527E0,-1.071447849E0,1.665413323E0
2.415105803E0,-5.951315165E-1,-9.993638992E-1,-1.824803829E0,2.163982149E0
2.431539398E0,-7.055444717E-1,-1.089309931E0,-2.297160149E0,2.638433982E0
2.447973611E0,-4.956431389E-1,-1.352494240E0,-2.270264626E0,2.688680766E0
2.464407541E0,-8.143761754E-2,-1.530432701E0,-1.950373650E0,2.480486588E0
2.480842102E0,1.076226532E-1,-1.256035328E0,-1.727036953E0,2.138191763E0
2.497275686E0,-6.430566311E-2,-7.479257584E-1,-1.891520977E0,2.035038025E0
2.513709168E0,-4.338014424E-1,-2.163467407E-1,-2.137075901E0,2.191365558E0
2.530145021E0,-7.717626095E-1,1.004972458E-1,-1.968530655E0,2.116797147E0
2.546578320E0,-1.005648017E0,7.141160965E-2,-1.675977707E0,1.955844786E0
2.563012128E0,-1.006060362E0,-1.593737602E-1,-1.302150726E0,1.653225321E0
2.579446708E0,-8.671699762E-1,-3.928823471E-1,-1.189373970E0,1.523466687E0
2.595880455E0,-7.112256885E-1,-4.154267311E-1,-1.283827305E0,1.525330750E0
2.612314721E0,-5.812299252E-1,-2.486433983E-1,-1.167996407E0,1.328106687E0
2.628745661E0,-4.970057607E-1,2.518072128E-1,-9.960432053E-1,1.141281589E0
2.645184941E0,-6.518665552E-1,6.953678131E-1,-7.789378166E-1,1.230938879E0
2.661615738E0,-9.366800785E-1,9.369812012E-1,-5.932350159E-1,1.451630506E0
2.678053187E0,-1.059347987E0,8.952507973E-1,-6.179523468E-2,1.388348227E0
2.694484808E0,-8.915810585E-1,5.809412003E-1,7.163448334E-1,1.282793585E0
2.710908393E0,-6.539421678E-1,2.587118149E-1,1.811354637E0,1.943084605E0
2.727353002E0,-3.076287508E-1,3.404192924E-1,2.582736015E0,2.623174807E0
2.743782385E0,1.137842387E-1,5.518188477E-1,2.952571869E0,3.005849553E0
2.760220934E0,5.409499407E-1,7.317991257E-1,3.606200218E0,3.719252185E0
2.776643959E0,1.013119578E0,6.494359970E-1,4.301981926E0,4.467127364E0
2.793090056E0,1.340671182E0,2.910542488E-1,4.624687195E0,4.823882611E0
2.809513569E0,1.460227013E0,-2.464168072E-1,4.696188927E0,4.924142017E0
2.825957182E0,1.387032509E0,-8.288319111E-1,4.570652008E0,4.847853267E0
2.842391733E0,1.263220549E0,-1.429702044E0,3.973208427E0,4.407511690E0
2.858825693E0,1.319898963E0,-2.055091381E0,2.858845711E0,3.760124021E0
2.875260243E0,1.635609984E0,-2.455039024E0,1.599437714E0,3.355687356E0
2.891693390E0,1.919265151E0,-2.383690834E0,3.375225067E-1,3.078876768E0
2.908123912E0,1.904310465E0,-1.774460793E0,-5.954780579E-1,2.670150477E0
2.924562978E0,1.541707039E0,-8.971300125E-1,-1.106984615E0,2.099313648E0
2.940996289E0,8.877170086E-1,-1.183605194E-1,-1.372332573E0,1.638702960E0
2.957429730E0,2.478449345E-1,2.070918083E-1,-1.566158295E0,1.599114109E0
2.973861421E0,-2.590878010E-1,3.656387329E-3,-1.692194462E0,1.711917625E0
2.990301191E0,-4.268557429E-1,-6.151077747E-1,-1.630852222E0,1.794503377E0
3.006735913E0,-2.729395032E-1,-1.244145870E0,-1.548309803E0,2.004908518E0
3.023162958E0,-1.833331585E-2,-1.548283577E0,-1.767809868E0,2.350036143E0
3.039597264E0,7.203103602E-2,-1.452521801E0,-2.232094288E0,2.664066997E0
3.056024072E0,2.046662569E-2,-1.016231537E0,-2.641843796E0,2.830633155E0
3.072468745E0,-1.135554016E-1,-5.476737022E-1,-2.845880032E0,2.900323166E0
3.088902216E0,-3.075973392E-1,-2.362346649E-1,-2.821551323E0,2.848082655E0
3.105334895E0,-3.242636919E-1,-2.147116661E-1,-2.337913513E0,2.370039585E0
3.121775448E0,-7.670023292E-2,-4.308326244E-1,-1.529315472E0,1.590693398E0
3.138204932E0,2.190670520E-1,-5.427963734E-1,-8.830204010E-1,1.059407053E0
3.154637895E0,3.354220092E-1,-2.872881889E-1,-6.867151260E-1,8.164680595E-1
3.171074063E0,3.399274647E-1,2.067837715E-1,-8.514995575E-1,9.398732392E-1
3.187503801E0,3.937633038E-1,6.558980942E-1,-1.048172951E0,1.297658809E0
3.203941403E0,3.905953765E-1,1.033751965E0,-1.189388275E0,1.623530826E0
3.220374968E0,3.636609912E-1,1.218756676E0,-1.089384079E0,1.674626771E0
3.236809182E0,2.683990896E-1,1.210972309E0,-6.890220642E-1,1.418888089E0
3.253243418E0,2.874010801E-1,1.045667171E0,-1.626996994E-1,1.096581236E0
3.269677917E0,5.350638628E-1,8.533005714E-1,6.318502426E-1,1.188970114E0
3.286108591E0,8.609691858E-1,8.720126152E-1,1.405097961E0,1.864396476E0
3.302548178E0,1.045931935E0,1.117784500E0,2.323526382E0,2.782479228E0
3.318979564E0,9.244553447E-1,1.551347733E0,2.930105209E0,3.441920105E0
3.335414297E0,4.841861129E-1,2.030043125E0,2.976539612E0,3.635285318E0
3.351848838E0,5.405630171E-2,2.319751740E0,2.598288536E0,3.483571950E0
3.368271577E0,-1.192945689E-1,2.124878883E0,2.204648972E0,3.064281082E0
3.384715863E0,1.713299155E-1,1.138276577E0,2.688300133E0,2.924377730E0
3.401140638E0,5.059324503E-1,-1.238923073E-1,3.357551575E0,3.397715339E0
3.417579695E0,9.254834652E-1,-1.126504898E0,4.072475433E0,4.325573845E0
3.434018843E0,1.073054314E0,-1.781191111E0,4.086081505E0,4.584773647E0
3.450452183E0,6.688844562E-1,-2.231774092E0,2.932905197E0,3.745684838E0
3.466886591E0,1.213024482E-1,-2.154443264E0,9.105720520E-1,2.342110485E0
3.483320053E0,-1.142434031E-1,-1.849480867E0,-7.407541275E-1,1.995582048E0
3.499754542E0,-2.273530960E-1,-1.443533182E0,-1.440163612E0,2.051718477E0
3.516188879E0,5.924373865E-2,-1.218165874E0,-1.192728996E0,1.705884046E0
3.532620114E0,4.037630260E-1,-1.333809137E0,-4.058303833E-1,1.451471562E0
3.549055864E0,5.382438898E-1,-1.548895597E0,-1.225433350E-1,1.644323851E0
3.565490942E0,5.181762576E-1,-1.641225338E0,-3.964824677E-1,1.766161259E0
3.581925036E0,3.178024590E-1,-1.497496605E0,-1.289272308E0,2.001428882E0
3.598359159E0,1.335611939E-1,-1.326473475E0,-2.058984280E0,2.452913927E0
3.614792936E0,-4.092216492E-2,-1.301209450E0,-2.598600864E0,2.906466430E0
3.631226520E0,-1.931065023E-1,-1.365837574E0,-2.949138641E0,3.255798078E0
3.647661528E0,-2.379328310E-1,-1.414316893E0,-3.030989170E0,3.353177546E0
3.664092986E0,-3.266803324E-1,-1.295088530E0,-2.807864189E0,3.109352930E0
3.680528849E0,-2.289521098E-1,-9.791176319E-1,-2.552386761E0,2.743313431E0
3.696963165E0,-1.070962250E-1,-5.338191986E-1,-2.279206276E0,2.343333904E0
3.713383810E0,-9.876701236E-2,-1.410093307E-1,-2.091989040E0,2.099060909E0
3.729832368E0,-2.979809344E-1,1.593365669E-1,-1.875009060E0,1.905213834E0
3.746254772E0,-5.822827816E-1,2.660522461E-1,-1.546003819E0,1.673309548E0
3.762699546E0,-8.809543848E-1,1.799101830E-1,-1.091929913E0,1.414481967E0
3.779127585E0,-9.364871383E-1,1.571159363E-1,-5.692548752E-1,1.107133547E0
3.795565625E0,-7.943156958E-1,3.228731155E-1,2.096557617E-2,8.576852737E-1
3.812004042E0,-5.711832643E-1,7.130331993E-1,4.980564117E-1,1.040541616E0
3.828435693E0,-3.655549884E-1,1.069798470E0,1.270397186E0,1.700590552E0
3.844869937E0,-1.402396858E-1,1.099962950E0,2.248963356E0,2.507473198E0
3.861304529E0,-1.187391803E-1,9.853992462E-1,3.328274727E0,3.473114355E0
3.877737899E0,-1.997150928E-1,9.986445904E-1,3.869204521E0,4.000989973E0
3.894172073E0,-1.367079318E-1,1.044941902E0,3.285231590E0,3.450121627E0
3.910606247E0,1.331525743E-1,1.061943531E0,2.760259628E0,2.960487610E0
3.927039933E0,6.806055903E-1,9.353868961E-1,2.944237709E0,3.163338158E0
3.943472277E0,1.010190368E0,7.769150734E-1,3.352624893E0,3.586666319E0
3.959911252E0,1.082419991E0,2.954549789E-1,3.789214134E0,3.951843929E0
3.976342567E0,1.184093237E0,-5.513846874E-1,4.068572998E0,4.273100526E0
3.992776823E0,1.367678285E0,-1.494147062E0,3.530800819E0,4.070574132E0
4.009211057E0,1.672628522E0,-2.283979416E0,2.203238487E0,3.587270268E0
4.025632465E0,1.927073121E0,-2.576013565E0,7.941360474E-1,3.313624717E0
4.042065774E0,2.053219318E0,-2.229197502E0,-2.414579391E-1,3.040285021E0
4.058505146E0,1.972008944E0,-1.355658054E0,-4.805469513E-1,2.440809990E0
4.074946512E0,1.640840530E0,-5.248653889E-1,-6.088590622E-1,1.827170129E0
4.091370514E0,1.116307974E0,-3.376793861E-2,-9.112787247E-1,1.441427307E0
4.107815002E0,6.094728112E-1,-5.533480644E-2,-1.477847576E0,1.599547594E0
4.124249573E0,2.548853159E-1,-4.777791500E-1,-2.230666637E0,2.295454876E0
4.140683269E0,-3.393234313E-2,-9.266581535E-1,-2.791025162E0,2.941031824E0
4.157117280E0,-1.370285898E-1,-1.337120771E0,-3.167676449E0,3.441052583E0
4.173551394E0,-1.158027798E-1,-1.583340406E0,-3.365210056E0,3.720889121E0
4.189982455E0,6.910984218E-2,-1.537289619E0,-3.410779476E0,3.741851437E0
4.206419415E0,2.595941424E-1,-1.260399580E0,-3.211873055E0,3.460075828E0
4.222853977E0,3.329818249E-1,-8.232171535E-1,-3.174757481E0,3.296611660E0
4.239287835E0,3.950791955E-1,-4.939079285E-1,-3.043872833E0,3.108889583E0
4.255722263E0,3.392989635E-1,-2.435107231E-1,-2.664204597E0,2.696740142E0
4.272155796E0,2.939696312E-1,-6.517648697E-3,-1.979190350E0,2.000913557E0
4.288588587E0,3.906233311E-1,5.454516411E-2,-1.089406490E0,1.158606172E0
4.305025467E0,5.442947745E-1,1.224110126E-1,-3.959951401E-1,6.841442893E-1
4.321455023E0,6.500085592E-1,2.659504414E-1,-6.587314606E-2,7.053935325E-1
4.337891871E0,6.247925758E-1,5.536851883E-1,3.704261780E-2,8.356465797E-1
4.354323472E0,5.048761368E-1,7.625095844E-1,1.920776367E-1,9.344595221E-1
4.370751888E0,5.006852150E-1,9.326059818E-1,5.572662354E-1,1.196237961E0
4.387194445E0,5.546458364E-1,9.647827148E-1,1.028948784E0,1.515642864E0
4.403617633E0,7.117354870E-1,9.150533676E-1,1.945610046E0,2.264793262E0
4.420062549E0,7.874380350E-1,1.000231981E0,3.241914749E0,3.482891603E0
4.436491555E0,8.058835268E-1,1.228904009E0,4.321396828E0,4.564441243E0
4.452931568E0,5.477812290E-1,1.651996851E0,4.336860657E0,4.673063045E0
4.469353901E0,1.464239359E-1,2.164811611E0,3.694799423E0,4.284786116E0
4.485798929E0,-2.855208814E-1,2.427498817E0,3.214262009E0,4.038038254E0
4.502232788E0,-2.265363634E-1,1.730082989E0,3.611948967E0,4.011319136E0
4.518667073E0,-1.434110552E-1,5.594806671E-1,4.203833580E0,4.243324418E0
4.535100708E0,-1.062255949E-1,-5.619056225E-1,4.169521332E0,4.208554377E0
4.551535371E0,-3.748276830E-1,-1.392658234E0,3.255204201E0,3.560385813E0
4.567965923E0,-7.441236973E-1,-1.732795000E0,1.444925308E0,2.375733094E0
4.584403261E0,-8.029135466E-1,-1.890675545E0,-4.552946091E-1,2.103952794E0
4.600837038E0,-7.586887479E-1,-1.894661427E0,-1.918527126E0,2.801088516E0
4.617271599E0,-7.041419744E-1,-1.880393505E0,-2.569175720E0,3.260729908E0
4.633702833E0,-4.599273205E-1,-2.079086781E0,-2.176362991E0,3.044780920E0
4.650142389E0,-1.589402556E-1,-2.354451180E0,-1.514172077E0,2.803822291E0
4.666573205E0,2.133418024E-1,-2.582163095E0,-8.690929413E-1,2.732837997E0
4.683008071E0,2.155071199E-1,-2.474425316E0,-9.083890915E-1,2.644691798E0
4.699438501E0,-9.093956649E-2,-2.052114725E0,-1.794894695E0,2.727836472E0
4.715859573E0,-2.489111423E-1,-1.675711632E0,-2.751171112E0,3.230930008E0
4.732307226E0,-4.562554061E-1,-1.335877180E0,-3.540602684E0,3.811640618E0
4.748743231E0,-6.430786848E-1,-1.106725931E0,-3.989270210E0,4.189590588E0
4.765177771E0,-6.202147007E-1,-9.807851315E-1,-3.826005459E0,3.998114996E0
4.781612505E0,-3.989116848E-1,-9.217202663E-1,-2.886819839E0,3.056538494E0
4.798045844E0,-3.543240726E-1,-7.739298344E-1,-1.908953667E0,2.090123690E0
4.814480099E0,-5.169695020E-1,-6.460802555E-1,-1.278278351E0,1.522718853E0
4.830911202E0,-6.479381919E-1,-5.894994736E-1,-9.114341736E-1,1.264138356E0
4.847348488E0,-6.597423553E-1,-5.458157063E-1,-7.483949661E-1,1.137220201E0
4.863782154E0,-5.223122239E-1,-4.868893623E-1,-3.340892792E-1,7.883444405E-1
4.880216521E0,-4.412809312E-1,-1.097371578E-1,8.430862427E-2,4.624705917E-1
4.896650899E0,-5.415970087E-1,4.666452408E-1,2.666578293E-1,7.630147433E-1
4.913084911E0,-7.048655748E-1,1.112749100E0,4.680871964E-1,1.397909747E0
4.929518362E0,-8.322396874E-1,1.618677378E0,9.176168442E-1,2.038322846E0
4.945950084E0,-6.727184653E-1,1.556274176E0,1.797930717E0,2.471253590E0
4.962390108E0,-3.849164546E-1,1.028599501E0,2.980785370E0,3.176674209E0
4.978820192E0,-4.010565281E-1,7.013666630E-1,3.519507408E0,3.611051638E0
4.995255871E0,-4.624306858E-1,8.729379177E-1,3.218655586E0,3.366839249E0
5.011687594E0,-4.461195767E-1,1.468267441E0,2.725249290E0,3.127589431E0
5.028114240E0,-9.951767325E-2,1.886535883E0,2.999449730E0,3.544801840E0
5.044557427E0,5.974784493E-1,1.579468250E0,4.067101479E0,4.403750094E0
5.060979669E0,9.321823120E-1,6.185402870E-1,5.071798325E0,5.193716800E0
5.077424462E0,1.281461835E0,-8.488609791E-1,5.257077217E0,5.477186345E0
5.093860152E0,1.563999653E0,-2.272158861E0,4.368295670E0,5.166314727E0
5.110293543E0,1.839793444E0,-3.205094337E0,2.652823448E0,4.549169361E0
5.126727554E0,1.949960232E0,-3.310127497E0,7.556095123E-1,3.915384360E0
5.143161902E0,2.141917467E0,-2.711070538E0,-6.114597321E-1,3.508788523E0
5.159596126E0,2.182697535E0,-1.626809835E0,-1.140964031E0,2.951690649E0
5.176029486E0,1.865846038E0,-6.909947395E-1,-1.379049778E0,2.420874523E0
5.192463650E0,1.395227671E0,-1.399261951E-1,-1.548522472E0,2.089057548E0
5.208894915E0,9.062427878E-1,-1.942007542E-1,-1.837955952E0,2.058414925E0
5.225331977E0,5.055466890E-1,-6.559045315E-1,-2.249306202E0,2.396907716E0
5.241766569E0,2.590942085E-1,-1.165787697E0,-2.553879738E0,2.819307092E0
5.258199817E0,1.363705099E-1,-1.568490744E0,-2.863578320E0,3.267849587E0
5.340351422E0,3.443885446E-1,-6.446979046E-1,-2.509524345E0,2.613800164E0
5.356782732E0,2.970661521E-1,-3.663461208E-1,-2.107090473E0,2.159233207E0
5.373232515E0,2.320831865E-1,-2.474851608E-1,-1.472750187E0,1.511325452E0
5.389672436E0,1.014526486E-1,-2.115392685E-1,-7.998867035E-1,8.335827736E-1
5.406106670E0,1.330040693E-1,-3.104810715E-1,-2.358417511E-1,4.119586263E-1
5.422541080E0,2.076698542E-1,-2.784936428E-1,-1.480293274E-2,3.477133938E-1
5.438967075E0,2.896190882E-1,-8.936500549E-2,9.090328217E-2,3.164312361E-1
5.455408837E0,3.622001410E-1,1.577982903E-1,5.615615845E-2,3.990523232E-1
5.471840000E0,4.676183462E-1,4.085888863E-1,8.008766174E-2,6.261196605E-1
5.488277368E0,5.909355879E-1,6.491336823E-1,6.442527771E-1,1.088871456E0
5.504711531E0,8.487777710E-1,5.570962429E-1,1.915658951E0,2.168070373E0
5.586881608E0,2.737566233E-1,8.619806767E-1,3.288294792E0,3.410401152E0
5.603313433E0,8.637503386E-1,-4.130983353E-1,4.714867592E0,4.811100840E0
5.619752368E0,1.160416842E0,-1.578357697E0,5.321044922E0,5.670211577E0
5.636180712E0,1.349794388E0,-2.585227013E0,4.576996803E0,5.427176368E0
5.652621336E0,1.202750921E0,-2.760693550E0,2.244855881E0,3.755984103E0
5.669051828E0,9.524371028E-1,-2.199167728E0,1.468820572E-1,2.401051743E0
5.685489083E0,5.618277192E-1,-1.324470282E0,-7.032613754E-1,1.601389545E0
5.701920237E0,3.190805912E-1,-8.490021229E-1,-6.153364182E-1,1.096018219E0
5.718351776E0,5.104818940E-1,-1.423576593E0,1.712522507E-1,1.522001779E0
5.734788086E0,6.484270692E-1,-2.400258541E0,6.517372131E-1,2.570303508E0
5.751211864E0,8.836264610E-1,-3.268261433E0,1.065268517E0,3.549242951E0
5.767656607E0,9.370751381E-1,-3.824012756E0,8.984375000E-1,4.038362702E0
5.784089407E0,7.689691186E-1,-3.699465513E0,-6.193161011E-2,3.779046720E0
5.800525209E0,7.641580105E-1,-2.991738796E0,-1.273394108E0,3.340055545E0
5.816956209E0,7.982898355E-1,-2.109844446E0,-2.185041904E0,3.140560200E0
5.833395063E0,7.397081256E-1,-1.365679741E0,-2.652777195E0,3.074000018E0
5.849824202E0,7.452433705E-1,-9.857544899E-1,-2.545443535E0,2.829555157E0
5.866260796E0,7.549948096E-1,-1.062692642E0,-2.093332767E0,2.466044381E0
5.882694920E0,8.116441965E-1,-1.336823463E0,-1.686067104E0,2.299714233E0
5.899129520E0,7.958506346E-1,-1.577278852E0,-1.335033417E0,2.214385024E0
5.915561955E0,8.089042902E-1,-1.669554949E0,-9.554448128E-1,2.086771350E0
5.931998225E0,8.558595777E-1,-1.635797977E0,-5.633182526E-1,1.930196387E0
5.948430354E0,9.550089240E-1,-1.651975393E0,-1.041851044E-1,1.910999550E0
5.964866531E0,1.109808445E0,-1.694270134E0,4.106426239E-1,2.066604325E0
5.981295945E0,1.135237336E0,-1.808161020E0,9.792976379E-1,2.348879296E0
5.997733833E0,1.136934042E0,-2.129141808E0,1.462658882E0,2.822274767E0
6.014164863E0,1.098706484E0,-2.415520191E0,1.857911110E0,3.239402325E0
6.030610105E0,1.112065911E0,-2.645603180E0,1.954978943E0,3.472441424E0
6.047035368E0,1.133343220E0,-2.569954872E0,1.724006653E0,3.295653780E0
6.063464516E0,1.145208240E0,-2.091598511E0,9.620742798E-1,2.571356288E0
6.079903746E0,1.112786293E0,-1.298342943E0,-1.935558319E-1,1.720886862E0
6.096328012E0,9.271234274E-1,-7.990694046E-2,-1.013265133E0,1.375735875E0
6.112772104E0,1.130115747E0,9.409306049E-1,4.399614334E-1,1.534952139E0
6.129206035E0,1.892102838E0,6.243767738E-1,3.386883736E0,3.929488636E0
6.145640024E0,2.558988810E0,-1.014987469E0,6.113134384E0,6.704404171E0
6.162074301E0,3.112033367E0,-2.890168667E0,7.326992035E0,8.468921943E0
6.178508383E0,3.026020288E0,-3.928811073E0,6.454298973E0,8.139430599E0
6.194942445E0,2.721604824E0,-3.839074135E0,3.744141579E0,6.013669362E0
6.211358940E0,2.221109629E0,-2.592192888E0,7.275409698E-1,3.490287641E0
6.227811017E0,1.861261129E0,-9.618455172E-1,-1.625686169E0,2.651847528E0
6.244244550E0,1.565156460E0,5.864832401E-1,-3.025355816E0,3.456364441E0
6.260675998E0,1.530272841E0,1.388268709E0,-3.395454884E0,3.974687264E0
6.277115604E0,1.834507942E0,1.207360744E0,-2.583057404E0,3.390475617E0
6.293544652E0,2.026480198E0,2.810618877E-1,-1.084552765E0,2.315571739E0
6.309982955E0,2.025228500E0,-5.330891609E-1,4.266262054E-2,2.094649047E0
6.326414860E0,2.143018246E0,-1.154636741E0,9.266881943E-1,2.604700408E0
6.342845363E0,2.047069311E0,-1.249042392E0,1.036891937E0,2.612612591E0
6.359280066E0,1.871065259E0,-9.650760889E-1,4.273967743E-1,2.148237665E0
6.375730841E0,1.863456726E0,-6.292910576E-1,-2.321023941E-1,1.980492294E0
6.392151089E0,1.949910760E0,-3.645820618E-1,-6.510295868E-1,2.087800655E0
6.408574907E0,2.125997066E0,-2.712724209E-1,-6.310472488E-1,2.234205202E0
6.425018876E0,2.377773285E0,-3.558552265E-1,-1.818323135E-1,2.411120430E0
6.441453936E0,2.570740223E0,-4.931700230E-1,3.611564636E-1,2.642414796E0
6.457887723E0,2.692576408E0,-6.677193642E-1,5.948705673E-1,2.837197183E0
6.474321622E0,2.915442228E0,-8.659482002E-1,6.485586166E-1,3.109710268E0
6.490749918E0,3.119160414E0,-8.876813650E-1,3.072652817E-1,3.257537697E0
6.507189421E0,3.144403458E0,-6.218321323E-1,-3.553199768E-1,3.224934200E0
6.523623962E0,3.096938610E0,-2.797009945E-1,-9.537487030E-1,3.252521789E0
6.540057983E0,2.995498180E0,1.000928879E-2,-1.333241940E0,3.278817409E0
6.556491455E0,2.962283134E0,1.669368744E-1,-1.316596031E0,3.245984350E0
6.572926617E0,3.053111553E0,3.386878967E-2,-9.993553162E-1,3.212685528E0
6.589360474E0,3.073095083E0,-1.827650070E-1,-6.846008301E-1,3.153727118E0
6.605791750E0,2.909142017E0,-1.744318008E-1,-4.403200150E-1,2.947442187E0
6.622231905E0,2.672973156E0,-4.412126541E-2,-1.514978409E-1,2.677626519E0
6.638662060E0,2.448924541E0,6.668782234E-2,1.063995361E-1,2.452141826E0
6.655096509E0,2.177736759E0,2.286038399E-1,1.746482849E-1,2.196656353E0
6.671530338E0,1.921643019E0,3.729546070E-1,3.898773193E-1,1.995948735E0
6.687962019E0,1.546244621E0,6.714453697E-1,4.404611588E-1,1.742331009E0
6.704398441E0,9.934845567E-1,1.223262072E0,4.234561920E-1,1.631777193E0
6.720819514E0,4.602124691E-1,1.668293953E0,-7.486534119E-2,1.732225461E0
6.737266697E0,-1.761041880E-1,1.609539509E0,5.909156799E-2,1.620222802E0
6.753700525E0,-7.745480537E-2,7.317693233E-1,2.046802521E0,2.175060033E0
6.770134700E0,2.489068061E-1,-3.447210789E-1,4.102188110E0,4.124164705E0
6.786569097E0,3.504148424E-1,-1.189062476E0,5.505743980E0,5.643569519E0
6.803003282E0,-1.430767477E-1,-1.435603619E0,5.151191711E0,5.349411627E0
6.819437538E0,-1.108745694E0,-9.798028469E-1,2.933855057E0,3.285853942E0
6.835871396E0,-1.717861891E0,-2.591943741E-1,5.963830948E-1,1.836818988E0
6.852305357E0,-1.692105889E0,-9.361600876E-2,-9.270792007E-1,1.931699289E0
6.868739917E0,-1.401244521E0,-4.122488499E-1,-1.482330322E0,2.081042649E0
6.885174060E0,-9.645356536E-1,-1.085052013E0,-1.223729134E0,1.898731127E0
6.901607308E0,-8.744837046E-1,-1.612695575E0,-1.076647758E0,2.127129324E0
6.918030222E0,-8.795437217E-1,-1.895485282E0,-1.285342693E0,2.453276880E0
6.934476307E0,-1.076161385E0,-1.807166338E0,-1.946712494E0,2.865948889E0
6.950911845E0,-1.145446539E0,-1.507542968E0,-2.553661346E0,3.178980945E0
6.967343018E0,-1.113290310E0,-1.131983757E0,-2.939070702E0,3.340499832E0
6.983775656E0,-1.158181667E0,-6.265366077E-1,-3.186632633E0,3.447979181E0
7.000204306E0,-1.055064917E0,-3.007109165E-1,-2.932995796E0,3.131461859E0
7.016646232E0,-7.535299063E-1,-1.950232983E-1,-2.247276783E0,2.378254475E0
7.033069206E0,-5.180445910E-1,-6.910848618E-2,-1.390229702E0,1.485222140E0
7.049514325E0,-4.880521297E-1,3.433275223E-2,-7.391948700E-1,8.864438364E-1
7.065947665E0,-5.278534889E-1,2.294008732E-1,-4.575166702E-1,7.352384443E-1
7.082383426E0,-5.783593655E-1,4.839558601E-1,-3.266019821E-1,8.218160895E-1
7.098816349E0,-5.160809755E-1,7.400009632E-1,-7.233715057E-2,9.050821301E-1
7.115250594E0,-4.405539632E-1,8.951327801E-1,1.312417984E-1,1.006267806E0
7.131681737E0,-5.210895538E-1,1.099966764E0,-1.300811768E-3,1.217153605E0
7.148119003E0,-5.728006363E-1,1.312822104E0,-4.906244278E-1,1.514039225E0
7.164552698E0,-5.540201068E-1,1.686238289E0,-9.635496140E-1,2.019595431E0
7.180987229E0,-5.884413719E-1,2.271046638E0,-1.290266037E0,2.677443282E0
7.197420213E0,-7.359541655E-1,2.792435408E0,-1.412856102E0,3.214885131E0
7.213848344E0,-8.414961696E-1,3.020633698E0,-1.224212646E0,3.366161069E0
7.230274065E0,-7.627350092E-1,2.889532804E0,-7.533674240E-1,3.082000486E0
7.246726000E0,-5.368068814E-1,2.566800594E0,-8.265209198E-2,2.623634557E0
7.263161029E0,-2.392212152E-1,2.214842319E0,9.850978851E-1,2.435810160E0
7.279588652E0,2.370278239E-1,1.817545891E0,2.578047752E0,3.163223904E0
7.296025286E0,6.741883159E-1,1.400070667E0,4.596628189E0,4.852186978E0
7.312459991E0,8.589013219E-1,1.276088953E0,5.523995399E0,5.734164252E0
7.328894724E0,5.242819190E-1,1.639299154E0,4.788428307E0,5.088341468E0
7.345314280E0,1.735710204E-1,1.799695015E0,3.652353287E0,4.075378949E0
7.361761831E0,-8.749936521E-2,1.656224012E0,2.708648682E0,3.176084350E0
7.378185588E0,-1.690747738E-1,9.313375950E-1,2.408080101E0,2.587436138E0
7.394630401E0,-1.222217232E-1,-1.141462326E-1,2.595230103E0,2.600612773E0
7.411053977E0,-7.664890587E-2,-1.255976081E0,2.545717239E0,2.839723091E0
7.427494631E0,3.943243027E-1,-2.261538982E0,2.461726189E0,3.366028231E0
7.443921073E0,7.699684501E-1,-2.691375256E0,2.007573128E0,3.444807984E0
7.460367149E0,9.096558094E-1,-2.509555340E0,1.272504807E0,2.957128705E0
7.476800693E0,7.517568469E-1,-1.830936670E0,2.522506714E-1,1.995268866E0
7.493234379E0,4.730061889E-1,-1.083280683E0,-7.959079742E-1,1.425026805E0
7.509668644E0,1.993220598E-1,-6.550743580E-1,-1.640267372E0,1.777450070E0
7.526103042E0,-1.609846950E-2,-6.317617893E-1,-2.213116169E0,2.301578870E0
7.542537003E0,-1.829186082E-1,-8.776991367E-1,-2.568802834E0,2.720765148E0
7.558970871E0,-3.052667677E-1,-1.224441409E0,-2.784241676E0,3.056868704E0
7.575402278E0,-3.143498898E-1,-1.458379030E0,-2.970751286E0,3.324311726E0
7.591841589E0,-2.712834477E-1,-1.360071182E0,-3.246802330E0,3.530596791E0
7.608273332E0,-1.925064623E-1,-1.057296515E0,-3.446819782E0,3.610471059E0
7.624707414E0,-7.419066131E-2,-7.259066105E-1,-3.524682999E0,3.599421468E0
7.641140225E0,-9.765118361E-3,-4.214138985E-1,-3.560228825E0,3.585096137E0
7.657562802E0,-2.883198857E-2,-1.183793545E-1,-3.468527317E0,3.470666608E0
7.674007484E0,-1.089407057E-1,1.360423565E-1,-3.180236816E0,3.185008918E0
7.690445494E0,-3.328447044E-2,3.037729263E-1,-2.562520504E0,2.580677659E0
7.706876738E0,2.250154018E-1,3.959183693E-1,-1.664577007E0,1.725746186E0
7.723312408E0,4.275465012E-1,4.004147053E-1,-8.275203705E-1,1.013862866E0
7.739746327E0,5.812226534E-1,4.170351028E-1,-2.369909286E-1,7.535932259E-1
7.756179534E0,5.666919351E-1,5.984992981E-1,-5.704116821E-2,8.261929883E-1
7.772613485E0,4.598391652E-1,9.661288261E-1,-1.109848022E-1,1.075720499E0
7.789048208E0,3.922760785E-1,1.392602921E0,-1.454820633E-1,1.454093686E0
7.805482748E0,2.842270732E-1,1.839259386E0,2.825832367E-2,1.861305631E0
7.821913657E0,4.297042489E-1,2.158889532E0,7.222652435E-1,2.316703873E0
7.838350018E0,6.472201347E-1,2.080283642E0,2.353826523E0,3.207331170E0
7.854774029E0,7.984851003E-1,1.751831770E0,4.247770309E0,4.663694416E0
7.871203860E0,8.434489965E-1,1.498958111E0,5.604708672E0,5.862682059E0
7.887649590E0,3.039635122E-1,1.947188377E0,5.174396515E0,5.536995186E0
7.904089562E0,-1.108715236E-1,2.564403296E0,3.677798271E0,4.484936664E0
7.920517450E0,-2.738109529E-1,2.902943134E0,2.332880020E0,3.734217517E0
7.936959151E0,-7.913404703E-2,2.365253925E0,1.729968071E0,2.931463432E0
7.953387823E0,2.082427442E-1,1.185244322E0,1.812359810E0,2.175503901E0
7.969824153E0,2.740728259E-1,-3.893256187E-2,1.793573380E0,1.814810493E0
7.986257045E0,1.631751955E-1,-9.805779457E-1,1.459692955E0,1.766030230E0
8.002678402E0,-1.079957187E-1,-1.426321268E0,6.343841553E-1,1.564767935E0
8.019125189E0,-3.862511516E-1,-1.488334417E0,-5.501089096E-1,1.633079637E0
8.035560390E0,-5.151025653E-1,-1.424058199E0,-1.603103161E0,2.205269179E0
8.051993253E0,-7.677451968E-1,-1.254263639E0,-2.049952030E0,2.522877978E0
8.068427752E0,-7.557041645E-1,-1.335422993E0,-1.639563560E0,2.245576100E0
8.084860847E0,-6.284748316E-1,-1.659322262E0,-8.682661057E-1,1.975403000E0
8.101296548E0,-3.292037249E-1,-2.107460022E0,-2.867498398E-1,2.152205452E0
8.117730121E0,-2.087924927E-1,-2.463902473E0,-8.674907684E-2,2.474254455E0
8.134163970E0,-1.965474933E-1,-2.452421188E0,-4.619207382E-1,2.503272133E0
8.150597971E0,-3.663274050E-1,-2.030834675E0,-1.521628380E0,2.563949721E0
8.167032043E0,-3.907906413E-1,-1.535048723E0,-2.581038952E0,3.028341787E0
8.183466035E0,-3.083942235E-1,-1.022942543E0,-3.300283432E0,3.468917580E0
8.199889994E0,-3.006057143E-1,-4.333639145E-1,-3.693586349E0,3.731051889E0
8.216333487E0,-2.379513681E-1,-7.207727432E-2,-3.705353737E0,3.713685811E0
8.232765596E0,-1.671490967E-1,1.718027592E-1,-3.364305496E0,3.372833598E0
8.249206310E0,-2.062027752E-1,4.573447704E-1,-2.854014874E0,2.897772372E0
8.265633659E0,-3.470359147E-1,8.384766579E-1,-2.301116467E0,2.473583236E0
8.282073805E0,-6.740136147E-1,1.232949018E0,-1.725676537E0,2.225402692E0
8.298505008E0,-8.747312427E-1,1.383176327E0,-1.343338013E0,2.117283286E0
8.314928622E0,-9.936593771E-1,1.387477398E0,-1.058007240E0,2.007942182E0
8.331373183E0,-1.131625175E0,1.472992182E0,-6.457643509E-1,1.966543440E0
8.347802759E0,-1.190790415E0,1.528037071E0,-1.370878220E-1,1.942079343E0
8.364241693E0,-1.088807106E0,1.492139816E0,7.141046524E-1,1.980385720E0
8.380671453E0,-7.857983112E-1,1.180294991E0,1.967587471E0,2.425278480E0
8.397109431E0,-6.281471252E-1,9.088315964E-1,3.447181702E0,3.619890242E0
8.413543311E0,-6.621376276E-1,9.983603954E-1,4.664297104E0,4.815684499E0
8.429977301E0,-7.700158358E-1,1.442721844E0,4.701149940E0,4.977467375E0
8.446411537E0,-5.899744630E-1,1.621918917E0,3.870419502E0,4.237786918E0
8.462846148E0,-4.031797051E-1,1.712085009E0,3.062238693E0,3.531443723E0
8.479276466E0,-8.214116096E-4,1.393988848E0,2.995807648E0,3.304250149E0
8.495711576E0,2.649744749E-1,8.456923962E-1,3.096684456E0,3.221003216E0
8.512150623E0,2.138239443E-1,8.732175827E-2,2.879122734E0,2.888372117E0
8.528582111E0,2.899847925E-1,-7.221951485E-1,2.372979164E0,2.497336006E0
8.545015990E0,4.904132783E-1,-1.623763084E0,1.425888062E0,2.215912566E0
8.561450398E0,8.292613029E-1,-2.266127110E0,4.445047379E-1,2.453689232E0
8.577879791E0,1.102515936E0,-2.357271671E0,-3.944807053E-1,2.632087793E0
8.594322540E0,1.098705530E0,-1.837317228E0,-6.036081314E-1,2.224237221E0
8.610753094E0,8.445949554E-1,-9.454429150E-1,-7.666320801E-1,1.481528836E0
8.627175741E0,3.921952248E-1,-3.535385132E-1,-1.203104973E0,1.313875242E0
8.643620627E0,-2.109527588E-2,-2.261765003E-1,-1.704668045E0,1.719736597E0
8.660068799E0,-2.211127728E-1,-4.547150135E-1,-2.181050777E0,2.238892381E0
8.676488537E0,-2.410911322E-1,-6.965537071E-1,-2.633477211E0,2.734687226E0
8.692922855E0,-2.305223048E-1,-7.257091999E-1,-3.215377331E0,3.304307152E0
8.709356733E0,-2.838311791E-1,-5.626029968E-1,-3.665855885E0,3.719621168E0
8.725790846E0,-2.474159747E-1,-5.523302555E-1,-3.855712891E0,3.902922658E0
8.742225682E0,-7.357079536E-2,-6.344597340E-1,-3.511912346E0,3.569520996E0
8.758659256E0,8.245184273E-2,-6.183755398E-1,-2.758090019E0,2.827763634E0
8.775093277E0,1.898436397E-1,-4.693357944E-1,-1.879625320E0,1.946614507E0
8.791527716E0,2.372272313E-1,-2.247097492E-1,-1.075556755E0,1.124096777E0
8.807961625E0,2.481676638E-1,-1.664686203E-2,-6.346769333E-1,6.816737614E-1
8.824395544E0,2.188591063E-1,1.770586967E-1,-6.139488220E-1,6.754126491E-1
8.840829952E0,1.968562454E-1,2.999463081E-1,-7.041025162E-1,7.902408003E-1
8.857263638E0,2.033901215E-1,3.843655586E-1,-6.310024261E-1,7.663344479E-1
8.873698320E0,1.321967840E-1,5.370211601E-1,-5.668659210E-1,7.919625550E-1
8.890130135E0,-9.414394200E-2,9.037399292E-1,-2.552633286E-1,9.438052280E-1
8.906568143E0,-2.674414515E-1,1.281708241E0,1.941108704E-1,1.323623804E0
8.923000904E0,-3.679822683E-1,1.510762215E0,7.426910400E-1,1.723195694E0
8.939433999E0,-2.516835928E-1,1.532697678E0,1.523036003E0,2.175349505E0
8.955868275E0,-1.035510153E-1,1.337234497E0,2.277306557E0,2.642923394E0
8.972288238E0,-2.262218595E-1,1.179884911E0,2.990929604E0,3.223191683E0
8.988733480E0,-5.861250758E-1,1.357598782E0,2.897435188E0,3.252959841E0
9.005170308E0,-9.403861165E-1,1.638998032E0,2.454497337E0,3.097611624E0
9.021604616E0,-9.053715467E-1,1.668211937E0,2.680008888E0,3.284063998E0
9.038032279E0,-7.608582973E-1,1.267253876E0,3.255469322E0,3.575320719E0
9.054462526E0,-5.374090075E-1,2.865214348E-1,3.741778374E0,3.791016799E0
9.070906741E0,-4.256438017E-1,-8.703067303E-1,3.740144730E0,3.863585000E0
9.087341351E0,-5.053944588E-1,-1.644215822E0,2.895587921E0,3.367981389E0
9.103773613E0,-6.696990728E-1,-1.981136799E0,1.462481499E0,2.551911440E0
9.120208011E0,-7.533974648E-1,-1.887841225E0,2.024955750E-1,2.042683697E0
9.136643314E0,-7.137311697E-1,-1.496963501E0,-5.243902206E-1,1.739338095E0
9.153077763E0,-4.851578176E-1,-1.093511581E0,-3.964614868E-1,1.260288617E0
9.169511571E0,-8.841784298E-2,-1.019039154E0,1.752605438E-1,1.037773950E0
9.185946223E0,2.691681683E-2,-1.085188150E0,3.035421371E-1,1.127162662E0
9.202376929E0,-1.141267568E-1,-1.133888006E0,-4.034147263E-1,1.208912887E0
9.218816362E0,-1.151092350E-1,-1.186271191E0,-1.344323635E0,1.796578835E0
9.235246965E0,-9.308397770E-3,-1.260506630E0,-2.342228889E0,2.659887174E0
9.251683550E0,-8.785843849E-3,-1.153468847E0,-3.200426102E0,3.401954557E0
9.268115871E0,-1.742271483E-1,-9.182312489E-1,-3.741337776E0,3.856308089E0
9.284539995E0,-2.257810235E-1,-7.301068306E-1,-3.915748119E0,3.989626096E0
9.300984282E0,-4.209008813E-2,-5.597565174E-1,-3.497797012E0,3.542553158E0
9.317418984E0,1.746911108E-1,-4.753551483E-1,-2.804820061E0,2.850174569E0
9.333852150E0,6.027063727E-2,-3.392558098E-1,-2.199821949E0,2.226644036E0
9.350271432E0,-2.555959225E-1,-9.326171875E-2,-2.033824444E0,2.051942712E0
9.366722696E0,-5.813811421E-1,2.934617996E-1,-1.993451595E0,2.097134503E0
9.383155874E0,-7.401257753E-1,6.498379707E-1,-1.714971542E0,1.977676147E0
9.399583486E0,-7.131715417E-1,7.761516571E-1,-1.552072525E0,1.876154089E0
9.416022980E0,-7.018874288E-1,7.842216492E-1,-1.499161243E0,1.831702484E0
9.432457480E0,-6.657068133E-1,8.590660095E-1,-1.119186878E0,1.560044627E0
9.448891562E0,-4.785623550E-1,1.011140823E0,-4.807500839E-1,1.217599415E0
9.465324953E0,-2.494245768E-3,7.533512115E-1,8.673343658E-1,1.148831220E0
9.481759706E0,2.667000890E-1,4.369602203E-1,2.218811035E0,2.277100257E0
9.498190615E0,1.944632269E-2,6.074166298E-1,3.298167229E0,3.353690533E0
9.514625104E0,-1.071549952E-1,9.956951141E-1,3.672213554E0,3.806316243E0
9.531064447E0,-1.348306984E-1,1.367120266E0,3.094484329E0,3.385709734E0
9.547489404E0,-2.322663665E-1,1.643793106E0,2.247240067E0,2.793938324E0
9.563932997E0,-3.665797412E-1,1.764112473E0,1.954009056E0,2.657936213E0
9.580364212E0,-2.677518725E-1,1.571774006E0,2.660236359E0,3.101454832E0
9.596798111E0,3.828349710E-2,7.512168884E-1,3.457174301E0,3.538056894E0
9.613232122E0,3.021274805E-1,-3.749237061E-1,3.536144257E0,3.568776401E0
9.629656195E0,3.985754251E-1,-1.576278687E0,3.013412476E0,3.424057770E0
9.646100459E0,5.584122539E-1,-2.350225449E0,2.200904846E0,3.267929933E0
9.662516151E0,7.114171386E-1,-2.465390444E0,1.439469337E0,2.942165250E0
9.678968482E0,8.559285402E-1,-1.968780518E0,9.417762756E-1,2.344280902E0
9.695402748E0,9.708624482E-1,-1.305751801E0,9.216909409E-1,1.870047018E0
9.711826760E0,8.890632391E-1,-6.878027916E-1,8.648157120E-1,1.418242694E0
9.728270944E0,7.751247883E-1,-4.436178207E-1,1.448020935E-1,9.047556878E-1
9.744705137E0,6.913370490E-1,-5.899882317E-1,-9.207253456E-1,1.293741934E0
9.761135965E0,6.123155951E-1,-7.287960052E-1,-1.922041416E0,2.144835008E0
9.777573751E0,4.574519992E-1,-6.925945282E-1,-3.013488293E0,3.125709712E0
9.794007140E0,4.152272344E-1,-5.353922844E-1,-3.869658470E0,3.928525834E0
9.810441346E0,3.685932457E-1,-4.469380379E-1,-4.409296989E0,4.447191758E0
9.826880128E0,4.009305835E-1,-3.741521835E-1,-4.479298592E0,4.512743186E0
9.843310040E0,5.814738870E-1,-2.955861092E-1,-3.834584713E0,3.889668746E0
9.859742169E0,7.262583375E-1,-2.377634048E-1,-3.057927132E0,3.151967790E0
9.876178916E0,7.647922635E-1,-2.259893417E-1,-2.379999161E0,2.510054660E0
9.892609357E0,7.879521251E-1,-3.382887840E-1,-1.961285114E0,2.140548330E0
9.909049512E0,9.874493480E-1,-3.481574059E-1,-1.623947144E0,1.932219998E0
9.925477206E0,1.265333176E0,-1.596775055E-1,-8.483467102E-1,1.531749683E0
9.941917535E0,1.336041927E0,2.566552162E-1,-4.069423676E-2,1.361078966E0
9.958348271E0,1.248666525E0,8.275995255E-1,7.786092758E-1,1.688289510E0
9.974782577E0,1.120727539E0,1.199366093E0,1.373549461E0,2.140361503E0
9.991213903E0,9.103621244E-1,1.365999222E0,1.690855980E0,2.356630437E0
1.000764985E1,8.362388611E-1,1.460817814E0,1.637331009E0,2.348219954E0
1.002408543E1,6.435188055E-1,1.699242115E0,1.336403847E0,2.255552141E0
1.004051924E1,5.677507520E-1,1.827619076E0,1.614238739E0,2.503657147E0
1.005695256E1,6.421046257E-1,1.838765621E0,2.251206398E0,2.976791495E0
1.007338626E1,5.391672850E-1,1.709623814E0,2.390259743E0,2.987784561E0
1.008982230E1,1.884494424E-1,1.799195766E0,2.034482002E0,2.722450296E0
1.010625537E1,8.808958530E-2,1.516667366E0,1.537037849E0,2.161139751E0
1.012268681E1,2.107449174E-1,5.787215233E-1,1.848141670E0,1.948065619E0
1.013912291E1,3.082895279E-1,-9.011888504E-2,2.729951859E0,2.748781729E0
1.015555769E1,3.215792179E-1,-7.955904007E-1,3.032665253E0,3.151735365E0
1.017199019E1,4.962599277E-2,-1.181064367E0,2.199685097E0,2.497196489E0
1.018841619E1,-3.083595634E-1,-1.084939480E0,7.921180725E-1,1.378270777E0
1.020484789E1,-5.275789499E-1,-8.261713982E-1,-1.115350723E-1,9.865793429E-1
1.022128709E1,-6.402275562E-1,-6.255817413E-1,-5.513358116E-1,1.051292070E0
1.023773163E1,-5.237456560E-1,-6.572985649E-1,-1.305027008E-1,8.505185892E-1
1.025417078E1,-3.915249705E-1,-9.000110626E-1,4.709186554E-1,1.088612004E0
1.027059314E1,-1.398429871E-1,-1.257798195E0,1.022106171E0,1.626749330E0
1.028702092E1,1.983407140E-2,-1.569531202E0,1.182229996E0,1.965067263E0
1.030346466E1,4.197317362E-2,-1.706824780E0,8.305568695E-1,1.898640906E0
1.031989834E1,-2.253560424E-1,-1.470913649E0,-2.483158112E-1,1.508652727E0
1.033633268E1,-4.699595273E-1,-9.931333065E-1,-1.412198544E0,1.789268132E0
1.035276664E1,-5.910885334E-1,-6.776247025E-1,-2.076651573E0,2.262972083E0
1.036920145E1,-5.540972948E-1,-5.697169304E-1,-2.257793427E0,2.393581490E0
1.038562199E1,-4.198241830E-1,-6.924815178E-1,-2.430535316E0,2.561890888E0
1.040206506E1,-4.396086931E-1,-7.415032387E-1,-2.711471558E0,2.845199618E0
1.041850065E1,-5.834885836E-1,-5.529670715E-1,-2.835150719E0,2.946915524E0
1.043492275E1,-6.915026903E-1,-1.068196297E-1,-2.685711384E0,2.775361605E0
1.045135954E1,-8.173317313E-1,3.068389893E-1,-2.341979027E0,2.499409347E0
1.046780096E1,-8.699175119E-1,3.099493980E-1,-1.773549557E0,1.999575739E0
1.048424275E1,-1.095811486E0,3.243799210E-1,-1.298239231E0,1.729580946E0
1.050067124E1,-1.300090790E0,4.112195969E-1,-1.096768856E0,1.749925582E0
1.051710613E1,-1.338985920E0,4.021778107E-1,-4.575848579E-1,1.471058866E0
1.053354647E1,-1.228172183E0,3.692789078E-1,4.861354828E-1,1.371532548E0
1.054997595E1,-1.131169081E0,4.045591354E-1,1.463311195E0,1.893275267E0
1.056641092E1,-1.067709923E0,4.067430496E-1,2.197944641E0,2.477176827E0
1.058284409E1,-8.590841889E-1,3.315134048E-1,2.558615685E0,2.719272146E0
1.059928539E1,-7.708746195E-1,4.874615669E-1,2.288044930E0,2.463131352E0
1.061571235E1,-4.389414489E-1,5.228986740E-1,1.514595985E0,1.661352948E0
1.063213714E1,1.609313488E-2,5.047764778E-1,1.393558502E0,1.482249500E0
1.064857759E1,4.934694767E-1,3.784956932E-1,2.326852798E0,2.408529647E0
1.066501477E1,7.212088704E-1,-1.651892662E-1,3.457943916E0,3.536213491E0
1.068143846E1,8.228739500E-1,-1.019481421E0,4.061406136E0,4.267491500E0
1.069788321E1,1.032033443E0,-1.895273924E0,3.452903748E0,4.071817845E0
1.071431628E1,1.076980352E0,-2.191178322E0,2.074347496E0,3.203758207E0
1.073075209E1,1.004355431E0,-1.751370907E0,6.710958481E-1,2.127533671E0
1.074718524E1,8.543279171E-1,-9.465317726E-1,-1.679372787E-1,1.286079903E0
1.076361966E1,6.061688662E-1,-8.538246155E-2,-2.353286743E-1,6.558280598E-1
1.078005046E1,1.029868126E-1,3.121232986E-1,1.258754730E-2,3.289159216E-1
1.079648758E1,-2.501408458E-1,1.204295158E-1,7.920265198E-2,2.886984085E-1
1.081292212E1,-4.107095599E-1,-4.162158966E-1,-1.375293732E-1,6.006932193E-1
1.082935746E1,-3.383177519E-1,-8.035318851E-1,-8.028388023E-1,1.185188818E0
1.084577794E1,-1.354132295E-1,-9.378225803E-1,-1.679669857E0,1.928506874E0
1.086222138E1,5.357801914E-2,-8.907477856E-1,-2.375715256E0,2.537779580E0
1.087866117E1,2.438518405E-1,-8.302094936E-1,-2.839546680E0,2.968456985E0
1.089508990E1,2.911182046E-1,-8.267884254E-1,-2.864233971E0,2.995357266E0
1.091151576E1,2.715982795E-1,-8.657054901E-1,-2.482265472E0,2.642887341E0
1.092796308E1,2.767542601E-1,-8.936877251E-1,-1.984695911E0,2.194148703E0
1.094438876E1,2.570002079E-1,-9.564664364E-1,-1.460692883E0,1.764794846E0
1.096082897E1,1.308198571E-1,-1.011608124E0,-1.145001888E0,1.533458234E0
1.097726260E1,-6.619238853E-2,-1.074036121E0,-1.036304951E0,1.493942092E0
1.099369710E1,-2.549632788E-1,-1.105021000E0,-9.283623695E-1,1.465583288E0
1.101013113E1,-4.440183640E-1,-1.025424004E0,-7.579083443E-1,1.350211744E0
1.102656529E1,-7.707157135E-1,-7.663609982E-1,-4.811439514E-1,1.188617429E0
1.104299936E1,-8.653531075E-1,-3.538231850E-1,9.689331055E-3,9.349442389E-1
1.112516973E1,-2.530579329E0,-3.721523285E-1,9.959383011E-1,2.744853765E0
1.114160477E1,-2.324302435E0,-5.086536407E-1,1.581732750E0,2.857094473E0
1.115803467E1,-2.131083012E0,-3.884816170E-1,2.850076675E0,3.579856118E0
1.123610432E1,-2.064526081E0,1.490452766E0,2.034099579E0,3.259030298E0
1.125253571E1,-1.729627848E0,1.328781128E0,1.796750069E0,2.825877313E0
1.126896871E1,-1.368453741E0,5.811529160E-1,1.808639526E0,2.341277704E0
1.128540494E1,-1.111693025E0,-2.723345757E-1,1.895805359E0,2.214521497E0
1.130184182E1,-7.986068726E-1,-1.148648500E0,1.752658844E0,2.242538592E0
1.131827548E1,-8.708931208E-1,-1.431393385E0,6.320762634E-1,1.790771413E0
1.133470592E1,-1.013677835E0,-1.135519505E0,-8.917732239E-1,1.764144774E0
1.135114326E1,-1.103235722E0,-5.961976051E-1,-2.416794777E0,2.722770213E0
1.136782623E1,-1.290792942E0,-1.540708542E-1,-3.827871323E0,4.042583717E0
1.138458730E1,-1.478503346E0,-7.182121277E-2,-4.818095207E0,5.040354339E0
1.140134483E1,-1.444861770E0,-2.102694511E-1,-4.804213047E0,5.021185296E0
1.141811565E1,-1.018130779E0,-4.342889786E-1,-3.440002441E0,3.613698105E0
1.143487574E1,-7.160331011E-1,-4.144406319E-1,-1.861101151E0,2.036703693E0
1.145163837E1,-6.690822840E-1,-1.904516220E-1,-7.795825005E-1,1.044840561E0
1.146840142E1,-8.060274720E-1,3.815269470E-2,-2.008171082E-1,8.315427979E-1
1.148515993E1,-9.602651596E-1,1.890358925E-1,5.996894836E-2,9.805304790E-1
1.150192711E1,-1.006065845E0,2.404313087E-1,2.434692383E-1,1.062663150E0
1.151868979E1,-8.295244575E-1,3.095598221E-1,6.088352203E-1,1.074531728E0
1.153545244E1,-8.287733793E-1,4.620971680E-1,8.117008209E-1,1.248702258E0
1.155221465E1,-9.912487268E-1,5.479607582E-1,9.110612869E-1,1.453570672E0
1.156888018E1,-1.136901975E0,4.653868675E-1,1.008418083E0,1.589351461E0
1.158531470E1,-1.063115358E0,2.918939590E-1,1.299873352E0,1.704431600E0
1.160174860E1,-8.509802222E-1,9.938526154E-2,1.406591415E0,1.646980321E0
1.161819350E1,-6.978626847E-1,1.749324799E-1,1.434489250E0,1.604796906E0
1.163462744E1,-8.049073219E-1,5.220370293E-1,1.424358368E0,1.717322106E0
1.165106148E1,-8.483016491E-1,7.674283981E-1,1.623484612E0,1.986017200E0
1.166749273E1,-6.274774671E-1,3.273520470E-1,2.295704842E0,2.402321389E0
1.168393029E1,-4.258004427E-1,-6.187357903E-1,2.340570450E0,2.458131409E0
1.170036359E1,-3.889517188E-1,-1.563243628E0,1.658609390E0,2.312141689E0
1.171679829E1,-6.061739922E-1,-1.985538721E0,3.170843124E-1,2.100084137E0
1.173323198E1,-7.028995752E-1,-1.802570820E0,-9.893555641E-1,2.173051726E0
1.174966681E1,-6.932137609E-1,-1.310430765E0,-1.304762363E0,1.974887069E0
1.176610014E1,-5.480616689E-1,-9.284410477E-1,-1.019376755E0,1.483746387E0
1.178253432E1,-3.165014982E-1,-8.823256493E-1,-1.392040253E-1,9.476547422E-1
1.179896276E1,2.482154965E-2,-1.202346325E0,1.129547119E0,1.649887720E0
1.181540588E1,-9.762454033E-2,-1.429717541E0,1.894940376E0,2.375799197E0
1.183183397E1,-3.936897814E-1,-1.188896894E0,1.609880447E0,2.039652550E0
1.184827378E1,-6.182992458E-1,-1.017044783E0,1.033109665E0,1.576067774E0
1.186470497E1,-6.540184617E-1,-8.759169579E-1,2.309341431E-1,1.117274024E0
1.188114179E1,-4.741581678E-1,-7.856831551E-1,-4.126729965E-1,1.006192323E0
1.189757288E1,-3.658538163E-1,-5.684318542E-1,-7.748317719E-1,1.028264588E0
1.191401742E1,-3.776865005E-1,-2.361807823E-1,-9.789223671E-1,1.075507999E0
1.193043847E1,-4.769914448E-1,1.538991928E-2,-8.321671486E-1,9.593017519E-1
1.194687332E1,-5.720092058E-1,1.160206795E-1,-2.571210861E-1,6.377825511E-1
1.196330968E1,-6.233621836E-1,9.788846970E-2,5.671634674E-1,8.484320616E-1
1.197974373E1,-5.042945743E-1,-6.702709198E-2,1.090821266E0,1.203618163E0
1.199617738E1,-4.156014919E-1,-2.059841156E-1,1.316197395E0,1.395539193E0
1.201261318E1,-4.625667036E-1,-1.847734451E-1,9.772205353E-1,1.096845092E0
1.202904590E1,-5.665580630E-1,-3.658485413E-2,2.784585953E-1,6.323493335E-1
1.204548035E1,-5.714969635E-1,7.613182068E-3,-1.405191422E-1,5.885680667E-1
1.206191145E1,-5.074554086E-1,-7.892990112E-2,-1.802740097E-1,5.442790089E-1
1.207834881E1,-5.382207632E-1,-2.108926773E-1,-1.364135742E-2,5.782243491E-1
1.209478280E1,-3.519977033E-1,-4.790124893E-1,2.310142517E-1,6.377483301E-1
1.211120650E1,-1.560199857E-1,-5.593347549E-1,6.399059296E-2,5.842023622E-1
1.212765098E1,-1.249388158E-1,-2.651576996E-1,-4.102344513E-1,5.041930368E-1
1.214408644E1,-9.656897187E-2,2.161693573E-2,-8.017292023E-1,8.078134512E-1
1.216051811E1,-1.217136383E-1,2.674694061E-1,-1.279833317E0,1.313136479E0
1.217695067E1,-4.858285189E-3,4.624986649E-1,-1.488248825E0,1.558465009E0
1.219338952E1,1.469729841E-1,4.627065659E-1,-1.198416710E0,1.293020122E0
1.220982252E1,3.605227768E-1,1.399674416E-1,-5.285291672E-1,6.549126948E-1
1.222624274E1,4.718230963E-1,-2.305688858E-1,-1.720581055E-1,5.526147274E-1
1.224268956E1,6.910067797E-1,-5.639381409E-1,1.156330109E-1,8.993817818E-1
1.225912409E1,7.754594088E-1,-5.413107872E-1,1.621913910E-2,9.458423354E-1
1.227555853E1,7.584958076E-1,-3.103470802E-1,-3.438196182E-1,8.887311913E-1
1.229199180E1,7.940191627E-1,-4.557466507E-2,-5.574359894E-1,9.712251866E-1
1.230841569E1,7.232448459E-1,6.454467773E-2,-7.455396652E-1,1.040710582E0
1.232486032E1,5.806533098E-1,-1.640319824E-2,-9.158205986E-1,1.084506662E0
1.234129498E1,5.213199258E-1,-2.199892998E-1,-9.530067444E-1,1.108328296E0
1.235772845E1,4.042917490E-1,-3.045697212E-1,-1.090008259E0,1.201803868E0
1.237416185E1,3.858542442E-1,-3.528432846E-1,-1.254232883E0,1.358853196E0
1.239059794E1,5.036644936E-1,-3.944168091E-1,-1.391475677E0,1.531485260E0
1.240703154E1,4.267010093E-1,-1.669950485E-1,-1.341664791E0,1.417753684E0
1.242346480E1,3.989546299E-1,-1.465320587E-1,-1.015589237E0,1.100935030E0
1.243989653E1,4.875664115E-1,-4.629807472E-1,-5.654964447E-1,8.785547262E-1
1.245633062E1,4.568116665E-1,-6.631107330E-1,-3.323307037E-1,8.711121854E-1
1.247277032E1,3.019852638E-1,-6.909303665E-1,-2.715196609E-1,8.014379559E-1
1.248920133E1,2.429956794E-1,-6.446230412E-1,-1.776981354E-1,7.114509067E-1
1.250563528E1,3.040701747E-1,-6.890807152E-1,6.980133057E-2,7.564146541E-1
1.252206842E1,4.137234092E-1,-7.945566177E-1,3.996000290E-1,9.809013514E-1
1.253849653E1,5.035179853E-1,-8.423812389E-1,4.574451447E-1,1.082770785E0
1.255493706E1,3.930627704E-1,-9.639265537E-1,5.876350403E-1,1.195394363E0
1.257136177E1,3.287822604E-1,-1.153369904E0,9.367952347E-1,1.521822993E0
1.258780653E1,4.292564988E-1,-1.433812857E0,1.695244789E0,2.261401191E0
1.260423154E1,3.414764404E-1,-1.710438251E0,2.161111832E0,2.777158534E0
1.262067094E1,8.329817653E-2,-1.801808596E0,2.695922852E0,3.243678903E0
1.263711045E1,-5.567880869E-1,-1.564294100E0,1.936116219E0,2.550602873E0
1.265354377E1,-9.498950243E-1,-1.160482168E0,7.123098373E-1,1.660242369E0
1.266996863E1,-8.960683346E-1,-9.643526077E-1,-1.108417511E-1,1.321060296E0
1.268641082E1,-6.738803387E-1,-1.093811750E0,-3.885116577E-1,1.342192298E0
1.270284578E1,-5.150451064E-1,-1.268967152E0,-8.972740173E-2,1.372443114E0
1.271928118E1,-6.105812192E-1,-1.183285713E0,2.420644760E-1,1.353354985E0
1.273571198E1,-8.315416574E-1,-8.243889809E-1,5.567913055E-1,1.296570583E0
1.275214757E1,-8.987801075E-1,-5.154135227E-1,1.256262779E0,1.628389680E0
1.276857914E1,-8.570489287E-1,-3.854095936E-1,1.926816940E0,2.143757669E0
1.278501840E1,-8.598127961E-1,-4.695949554E-1,2.087628365E0,2.306076680E0
1.280145016E1,-9.383835793E-1,-6.328594685E-1,1.670484543E0,2.017818985E0
1.281788383E1,-7.987956405E-1,-7.780933380E-1,1.211079597E0,1.646273826E0
1.283431579E1,-5.671063662E-1,-7.791686058E-1,7.139129639E-1,1.199326922E0
1.285074540E1,-4.480670094E-1,-5.701701641E-1,4.494953156E-1,8.531729600E-1
1.286718664E1,-4.801984131E-1,-3.741781712E-1,4.054002762E-1,7.314022174E-1
1.288360298E1,-4.412671626E-1,-4.088773727E-1,3.978214264E-1,7.212207027E-1
1.290005545E1,-3.383942246E-1,-5.779743195E-1,3.465223312E-1,7.540840081E-1
1.291648611E1,-3.128350079E-1,-6.647992134E-1,2.864017487E-1,7.885744720E-1
1.293292582E1,-4.095363915E-1,-6.092128754E-1,1.227731705E-1,7.442671798E-1
1.294935684E1,-4.606643319E-1,-5.228507519E-1,-7.819557190E-2,7.012125804E-1
1.296579135E1,-4.460416138E-1,-4.076564312E-1,-1.881723404E-1,6.328868120E-1
1.298222533E1,-4.188633561E-1,-2.753589153E-1,-3.965015411E-1,6.391263689E-1
1.299866004E1,-2.533758283E-1,-1.998867989E-1,-7.370052338E-1,8.045686778E-1
1.301509249E1,-1.507953703E-1,-1.958858967E-1,-1.197964668E0,1.223204756E0
1.303152622E1,-1.804140210E-1,-1.338913441E-1,-1.562469482E0,1.578539513E0
1.304796466E1,-1.910977960E-1,-1.348447800E-2,-1.206206322E0,1.221324645E0
1.306439616E1,-2.777754068E-1,-2.448258400E-1,-5.770254135E-1,6.856071735E-1
1.308082414E1,-2.389708012E-1,-7.680082321E-1,2.164840698E-4,8.043281266E-1
1.309726724E1,-1.144408286E-1,-1.184877634E0,-3.216838837E-2,1.190825981E0
1.311369636E1,-1.180398017E-1,-9.790439606E-1,-5.778875351E-1,1.142984897E0
1.313013511E1,-1.509394944E-1,-2.623028755E-1,-9.077415466E-1,9.568595743E-1
1.314656582E1,-1.687792242E-1,2.981939316E-1,-4.798927307E-1,5.896635315E-1
1.316299355E1,-8.078356087E-2,2.660346031E-1,3.774328232E-1,4.687813241E-1
1.317943600E1,2.990180850E-1,-1.765363216E-1,1.457051277E0,1.497856906E0
1.319587578E1,5.514197350E-1,-3.423576355E-1,2.092348099E0,2.190706060E0
1.321230317E1,6.910043359E-1,-1.014008522E-1,2.362771988E0,2.463830471E0
1.322872677E1,7.012393475E-1,6.342172623E-2,1.756879807E0,1.892719100E0
1.324517128E1,4.648354352E-1,1.791558266E-1,7.784233093E-1,9.241816058E-1
1.326160584E1,2.262416780E-1,2.756478786E-1,-6.101703644E-2,3.617874080E-1
1.327803622E1,8.383031189E-2,1.611723900E-1,-5.155477524E-1,5.466201107E-1
1.329447418E1,1.170297414E-1,3.887891769E-3,-5.204105377E-1,5.334212255E-1
1.331090780E1,2.822669744E-1,-1.028118134E-1,-1.261682510E-1,3.258271649E-1
1.332734145E1,3.776473403E-1,-4.517123699E-1,3.502759933E-1,6.850947747E-1
1.334377634E1,3.200774789E-1,-4.782454967E-1,4.961996078E-1,7.598568276E-1
1.336021032E1,2.342691123E-1,-1.354312897E-1,8.951206207E-1,9.351281072E-1
1.337664478E1,6.415972114E-2,3.201298714E-1,8.294992447E-1,8.914418665E-1
1.339307893E1,1.125744879E-1,4.289236069E-1,6.228933334E-1,7.646205469E-1
1.340951238E1,1.194204688E-1,3.324716091E-1,4.370660782E-1,5.619834303E-1
1.342594437E1,-8.105199039E-2,1.945056915E-1,7.514572144E-2,2.237158212E-1
